Vin	Årgang	Pris	Antall
Gran Feudo Crianza	2016	200	4
Gran Feudo Crianza	2015	220	1
Ch. Bonnet Reserve	2014	250	7
Ch. Bonnet Reserve	2010	190	3
Ch. Bonnet Reserve	2017	200	4
Guerrini Forteguerra Chianti	2011	280	9
Periquita	2010	420	3
Periquita	2014	310	5
Canaletteo Chianti	2017	170	12
Trimbach Riesling	2018	190	11
Cono Sur Cosecha Noble Late Riesling	2013	125	13
Kloster Eberbach Marcobrunn Riesling	2015	510	2
Kloster Eberbach Marcobrunn Riesling	2017	450	4
